RocksDB	rocks-native	org.apache.hadoop.hdds.utils.db.LatestVersionedKWayMergeIterator	hadoop-hdds/rocks-native/src/main/java/org/apache/hadoop/hdds/utils/db/LatestVersionedKWayMergeIterator.java	375~
HddsCommon	upgrade-framework	org.apache.hadoop.ozone.upgrade.BasicUpgradeFinalizer	hadoop-hdds/framework/src/main/java/org/apache/hadoop/ozone/upgrade/BasicUpgradeFinalizer.java	225~
HddsCommon	framework-utils	org.apache.hadoop.hdds.utils.HddsServerUtil	hadoop-hdds/framework/src/main/java/org/apache/hadoop/hdds/utils/HddsServerUtil.java	450~
HddsCommon	framework-utils	org.apache.hadoop.hdds.utils.HAUtils	hadoop-hdds/framework/src/main/java/org/apache/hadoop/hdds/utils/HAUtils.java	275~
HddsCommon	framework-utils	org.apache.hadoop.hdds.utils.DBCheckpointServlet	hadoop-hdds/framework/src/main/java/org/apache/hadoop/hdds/utils/DBCheckpointServlet.java	275~
HddsCommon	framework-utils	org.apache.hadoop.hdds.utils.LogLevel	hadoop-hdds/framework/src/main/java/org/apache/hadoop/hdds/utils/LogLevel.java	250~
HddsCommon	framework-utils	org.apache.hadoop.hdds.utils.RocksDBStoreMetrics	hadoop-hdds/framework/src/main/java/org/apache/hadoop/hdds/utils/RocksDBStoreMetrics.java	200~
HddsCommon	framework-utils	org.apache.hadoop.hdds.utils.Archiver	hadoop-hdds/framework/src/main/java/org/apache/hadoop/hdds/utils/Archiver.java	200~
HddsCommon	ozone-common-primitives	org.apache.hadoop.ozone.OzoneConfigKeys	hadoop-hdds/common/src/main/java/org/apache/hadoop/ozone/OzoneConfigKeys.java	525~
HddsCommon	ozone-common-primitives	org.apache.hadoop.ozone.common.PureJavaCrc32ByteBuffer	hadoop-hdds/common/src/main/java/org/apache/hadoop/ozone/common/PureJavaCrc32ByteBuffer.java	525~
HddsCommon	ozone-common-primitives	org.apache.hadoop.ozone.common.PureJavaCrc32CByteBuffer	hadoop-hdds/common/src/main/java/org/apache/hadoop/ozone/common/PureJavaCrc32CByteBuffer.java	525~
HddsCommon	ozone-common-primitives	org.apache.hadoop.ozone.OzoneConsts	hadoop-hdds/common/src/main/java/org/apache/hadoop/ozone/OzoneConsts.java	325~
HddsCommon	ozone-common-primitives	org.apache.hadoop.ozone.common.IncrementalChunkBuffer	hadoop-hdds/common/src/main/java/org/apache/hadoop/ozone/common/IncrementalChunkBuffer.java	225~
HddsCommon	ozone-common-primitives	org.apache.hadoop.ozone.util.ShutdownHookManager	hadoop-hdds/common/src/main/java/org/apache/hadoop/ozone/util/ShutdownHookManager.java	200~
HddsCommon	ozone-common-primitives	org.apache.hadoop.ozone.common.ChunkBufferImplWithByteBufferList	hadoop-hdds/common/src/main/java/org/apache/hadoop/ozone/common/ChunkBufferImplWithByteBufferList.java	200~
HddsCommon	ozone-common-primitives	org.apache.hadoop.ozone.common.Checksum	hadoop-hdds/common/src/main/java/org/apache/hadoop/ozone/common/Checksum.java	200~
HddsCommon	framework-protocol	org.apache.hadoop.hdds.scm.protocolPB.StorageContainerLocationProtocolClientSideTranslatorPB	hadoop-hdds/framework/src/main/java/org/apache/hadoop/hdds/scm/protocolPB/StorageContainerLocationProtocolClientSideTranslatorPB.java	925~
HddsCommon	framework-protocol	org.apache.hadoop.hdds.scm.protocolPB.ScmBlockLocationProtocolClientSideTranslatorPB	hadoop-hdds/framework/src/main/java/org/apache/hadoop/hdds/scm/protocolPB/ScmBlockLocationProtocolClientSideTranslatorPB.java	250~
HddsCommon	framework-protocol	org.apache.hadoop.hdds.protocolPB.SCMSecurityProtocolClientSideTranslatorPB	hadoop-hdds/framework/src/main/java/org/apache/hadoop/hdds/protocolPB/SCMSecurityProtocolClientSideTranslatorPB.java	200~
Security	security-x509	org.apache.hadoop.hdds.security.x509.certificate.client.DefaultCertificateClient	hadoop-hdds/framework/src/main/java/org/apache/hadoop/hdds/security/x509/certificate/client/DefaultCertificateClient.java	1025~
Security	security-x509	org.apache.hadoop.hdds.security.x509.certificate.authority.DefaultCAServer	hadoop-hdds/framework/src/main/java/org/apache/hadoop/hdds/security/x509/certificate/authority/DefaultCAServer.java	300~
Security	security-x509	org.apache.hadoop.hdds.security.x509.certificate.utils.CertificateSignRequest	hadoop-hdds/framework/src/main/java/org/apache/hadoop/hdds/security/x509/certificate/utils/CertificateSignRequest.java	275~
HddsCommon	framework-server	org.apache.hadoop.hdds.server.ServerUtils	hadoop-hdds/framework/src/main/java/org/apache/hadoop/hdds/server/ServerUtils.java	225~
HddsCommon	framework-server	org.apache.hadoop.hdds.server.events.EventQueue	hadoop-hdds/framework/src/main/java/org/apache/hadoop/hdds/server/events/EventQueue.java	225~
HddsCommon	framework-server	org.apache.hadoop.hdds.server.events.FixedThreadPoolWithAffinityExecutor	hadoop-hdds/framework/src/main/java/org/apache/hadoop/hdds/server/events/FixedThreadPoolWithAffinityExecutor.java	200~
HddsCommon	http-server	org.apache.hadoop.hdds.server.http.HttpServer2	hadoop-hdds/framework/src/main/java/org/apache/hadoop/hdds/server/http/HttpServer2.java	1175~
HddsCommon	http-server	org.apache.hadoop.hdds.server.http.ProfileServlet	hadoop-hdds/framework/src/main/java/org/apache/hadoop/hdds/server/http/ProfileServlet.java	350~
HddsCommon	hdds-db-utils	org.apache.hadoop.hdds.utils.db.RocksDatabase	hadoop-hdds/framework/src/main/java/org/apache/hadoop/hdds/utils/db/RocksDatabase.java	675~
HddsCommon	hdds-db-utils	org.apache.hadoop.hdds.utils.db.TypedTable	hadoop-hdds/framework/src/main/java/org/apache/hadoop/hdds/utils/db/TypedTable.java	425~
HddsCommon	hdds-db-utils	org.apache.hadoop.hdds.utils.db.RDBStore	hadoop-hdds/framework/src/main/java/org/apache/hadoop/hdds/utils/db/RDBStore.java	350~
HddsCommon	hdds-db-utils	org.apache.hadoop.hdds.utils.db.RDBBatchOperation	hadoop-hdds/framework/src/main/java/org/apache/hadoop/hdds/utils/db/RDBBatchOperation.java	300~
HddsCommon	hdds-db-utils	org.apache.hadoop.hdds.utils.db.DBStoreBuilder	hadoop-hdds/framework/src/main/java/org/apache/hadoop/hdds/utils/db/DBStoreBuilder.java	275~
HddsCommon	hdds-db-utils	org.apache.hadoop.hdds.utils.db.RDBTable	hadoop-hdds/framework/src/main/java/org/apache/hadoop/hdds/utils/db/RDBTable.java	250~
HddsCommon	hdds-primitives	org.apache.hadoop.hdds.HddsUtils	hadoop-hdds/common/src/main/java/org/apache/hadoop/hdds/HddsUtils.java	525~
HddsCommon	hdds-primitives	org.apache.hadoop.hdds.HddsConfigKeys	hadoop-hdds/common/src/main/java/org/apache/hadoop/hdds/HddsConfigKeys.java	300~
HddsCommon	network-topology	org.apache.hadoop.hdds.scm.net.NetworkTopologyImpl	hadoop-hdds/framework/src/main/java/org/apache/hadoop/hdds/scm/net/NetworkTopologyImpl.java	600~
HddsCommon	network-topology	org.apache.hadoop.hdds.scm.net.InnerNodeImpl	hadoop-hdds/framework/src/main/java/org/apache/hadoop/hdds/scm/net/InnerNodeImpl.java	425~
HddsCommon	scm-client-proxy	org.apache.hadoop.hdds.scm.proxy.SCMFailoverProxyProviderBase	hadoop-hdds/framework/src/main/java/org/apache/hadoop/hdds/scm/proxy/SCMFailoverProxyProviderBase.java	325~
HddsCommon	container-common	org.apache.hadoop.hdds.scm.container.balancer.ContainerBalancerConfiguration	hadoop-hdds/common/src/main/java/org/apache/hadoop/hdds/scm/container/balancer/ContainerBalancerConfiguration.java	375~
HddsCommon	container-common	org.apache.hadoop.hdds.scm.container.ContainerInfo	hadoop-hdds/common/src/main/java/org/apache/hadoop/hdds/scm/container/ContainerInfo.java	300~
HddsCommon	fs-utils	org.apache.hadoop.hdds.fs.CachingSpaceUsageSource	hadoop-hdds/framework/src/main/java/org/apache/hadoop/hdds/fs/CachingSpaceUsageSource.java	200~
HddsCommon	config-annotations	org.apache.hadoop.hdds.conf.StorageUnit	hadoop-hdds/config/src/main/java/org/apache/hadoop/hdds/conf/StorageUnit.java	400~
HddsCommon	config-annotations	org.apache.hadoop.hdds.conf.ConfigurationReflectionUtil	hadoop-hdds/config/src/main/java/org/apache/hadoop/hdds/conf/ConfigurationReflectionUtil.java	225~
SCM	scm-protocol	org.apache.hadoop.hdds.scm.protocol.StorageContainerLocationProtocolServerSideTranslatorPB	hadoop-hdds/server-scm/src/main/java/org/apache/hadoop/hdds/scm/protocol/StorageContainerLocationProtocolServerSideTranslatorPB.java	1175~
SCM	pipeline-manager	org.apache.hadoop.hdds.scm.pipeline.PipelineManagerImpl	hadoop-hdds/server-scm/src/main/java/org/apache/hadoop/hdds/scm/pipeline/PipelineManagerImpl.java	725~
SCM	pipeline-manager	org.apache.hadoop.hdds.scm.pipeline.PipelinePlacementPolicy	hadoop-hdds/server-scm/src/main/java/org/apache/hadoop/hdds/scm/pipeline/PipelinePlacementPolicy.java	375~
SCM	pipeline-manager	org.apache.hadoop.hdds.scm.pipeline.PipelineStateManagerImpl	hadoop-hdds/server-scm/src/main/java/org/apache/hadoop/hdds/scm/pipeline/PipelineStateManagerImpl.java	275~
SCM	pipeline-manager	org.apache.hadoop.hdds.scm.pipeline.PipelineStateMap	hadoop-hdds/server-scm/src/main/java/org/apache/hadoop/hdds/scm/pipeline/PipelineStateMap.java	250~
SCM	pipeline-manager	org.apache.hadoop.hdds.scm.pipeline.WritableECContainerProvider	hadoop-hdds/server-scm/src/main/java/org/apache/hadoop/hdds/scm/pipeline/WritableECContainerProvider.java	225~
SCM	scm-server	org.apache.hadoop.hdds.scm.server.StorageContainerManager	hadoop-hdds/server-scm/src/main/java/org/apache/hadoop/hdds/scm/server/StorageContainerManager.java	1475~
SCM	scm-server	org.apache.hadoop.hdds.scm.server.SCMClientProtocolServer	hadoop-hdds/server-scm/src/main/java/org/apache/hadoop/hdds/scm/server/SCMClientProtocolServer.java	1350~
SCM	scm-server	org.apache.hadoop.hdds.scm.SCMCommonPlacementPolicy	hadoop-hdds/server-scm/src/main/java/org/apache/hadoop/hdds/scm/SCMCommonPlacementPolicy.java	375~
SCM	scm-server	org.apache.hadoop.hdds.scm.server.SCMDatanodeProtocolServer	hadoop-hdds/server-scm/src/main/java/org/apache/hadoop/hdds/scm/server/SCMDatanodeProtocolServer.java	350~
SCM	scm-server	org.apache.hadoop.hdds.scm.server.SCMSecurityProtocolServer	hadoop-hdds/server-scm/src/main/java/org/apache/hadoop/hdds/scm/server/SCMSecurityProtocolServer.java	350~
SCM	safemode	org.apache.hadoop.hdds.scm.safemode.SCMSafeModeManager	hadoop-hdds/server-scm/src/main/java/org/apache/hadoop/hdds/scm/safemode/SCMSafeModeManager.java	275~
SCM	safemode	org.apache.hadoop.hdds.scm.safemode.HealthyPipelineSafeModeRule	hadoop-hdds/server-scm/src/main/java/org/apache/hadoop/hdds/scm/safemode/HealthyPipelineSafeModeRule.java	250~
SCM	scm-security	org.apache.hadoop.hdds.scm.security.RootCARotationManager	hadoop-hdds/server-scm/src/main/java/org/apache/hadoop/hdds/scm/security/RootCARotationManager.java	575~
SCM	upgrade	org.apache.hadoop.hdds.scm.server.upgrade.FinalizationStateManagerImpl	hadoop-hdds/server-scm/src/main/java/org/apache/hadoop/hdds/scm/server/upgrade/FinalizationStateManagerImpl.java	200~
SCM	container-manager	org.apache.hadoop.hdds.scm.container.placement.algorithms.SCMContainerPlacementRackAware	hadoop-hdds/server-scm/src/main/java/org/apache/hadoop/hdds/scm/container/placement/algorithms/SCMContainerPlacementRackAware.java	425~
SCM	container-manager	org.apache.hadoop.hdds.scm.container.ContainerStateManagerImpl	hadoop-hdds/server-scm/src/main/java/org/apache/hadoop/hdds/scm/container/ContainerStateManagerImpl.java	400~
SCM	container-manager	org.apache.hadoop.hdds.scm.container.placement.algorithms.SCMContainerPlacementRackScatter	hadoop-hdds/server-scm/src/main/java/org/apache/hadoop/hdds/scm/container/placement/algorithms/SCMContainerPlacementRackScatter.java	400~
SCM	container-manager	org.apache.hadoop.hdds.scm.container.ContainerManagerImpl	hadoop-hdds/server-scm/src/main/java/org/apache/hadoop/hdds/scm/container/ContainerManagerImpl.java	350~
SCM	container-manager	org.apache.hadoop.hdds.scm.container.AbstractContainerReportHandler	hadoop-hdds/server-scm/src/main/java/org/apache/hadoop/hdds/scm/container/AbstractContainerReportHandler.java	300~
SCM	container-balancer	org.apache.hadoop.hdds.scm.container.balancer.ContainerBalancerTask	hadoop-hdds/server-scm/src/main/java/org/apache/hadoop/hdds/scm/container/balancer/ContainerBalancerTask.java	900~
SCM	container-balancer	org.apache.hadoop.hdds.scm.container.balancer.ContainerBalancer	hadoop-hdds/server-scm/src/main/java/org/apache/hadoop/hdds/scm/container/balancer/ContainerBalancer.java	475~
SCM	container-balancer	org.apache.hadoop.hdds.scm.container.balancer.MoveManager	hadoop-hdds/server-scm/src/main/java/org/apache/hadoop/hdds/scm/container/balancer/MoveManager.java	375~
SCM	container-balancer	org.apache.hadoop.hdds.scm.container.balancer.ContainerBalancerSelectionCriteria	hadoop-hdds/server-scm/src/main/java/org/apache/hadoop/hdds/scm/container/balancer/ContainerBalancerSelectionCriteria.java	225~
SCM	container-replication	org.apache.hadoop.hdds.scm.container.replication.ReplicationManager	hadoop-hdds/server-scm/src/main/java/org/apache/hadoop/hdds/scm/container/replication/ReplicationManager.java	1025~
SCM	container-replication	org.apache.hadoop.hdds.scm.container.replication.ECUnderReplicationHandler	hadoop-hdds/server-scm/src/main/java/org/apache/hadoop/hdds/scm/container/replication/ECUnderReplicationHandler.java	525~
SCM	container-replication	org.apache.hadoop.hdds.scm.container.replication.ReplicationManagerMetrics	hadoop-hdds/server-scm/src/main/java/org/apache/hadoop/hdds/scm/container/replication/ReplicationManagerMetrics.java	400~
SCM	container-replication	org.apache.hadoop.hdds.scm.container.replication.RatisContainerReplicaCount	hadoop-hdds/server-scm/src/main/java/org/apache/hadoop/hdds/scm/container/replication/RatisContainerReplicaCount.java	325~
SCM	container-replication	org.apache.hadoop.hdds.scm.container.replication.ContainerReplicaPendingOps	hadoop-hdds/server-scm/src/main/java/org/apache/hadoop/hdds/scm/container/replication/ContainerReplicaPendingOps.java	325~
SCM	container-replication	org.apache.hadoop.hdds.scm.container.replication.ECContainerReplicaCount	hadoop-hdds/server-scm/src/main/java/org/apache/hadoop/hdds/scm/container/replication/ECContainerReplicaCount.java	300~
SCM	container-replication	org.apache.hadoop.hdds.scm.container.replication.RatisUnderReplicationHandler	hadoop-hdds/server-scm/src/main/java/org/apache/hadoop/hdds/scm/container/replication/RatisUnderReplicationHandler.java	300~
SCM	container-replication	org.apache.hadoop.hdds.scm.container.replication.ReplicationManagerUtil	hadoop-hdds/server-scm/src/main/java/org/apache/hadoop/hdds/scm/container/replication/ReplicationManagerUtil.java	250~
SCM	container-replication	org.apache.hadoop.hdds.scm.container.replication.ContainerHealthResult	hadoop-hdds/server-scm/src/main/java/org/apache/hadoop/hdds/scm/container/replication/ContainerHealthResult.java	200~
SCM	scm-ha	org.apache.hadoop.hdds.scm.ha.SCMStateMachine	hadoop-hdds/server-scm/src/main/java/org/apache/hadoop/hdds/scm/ha/SCMStateMachine.java	375~
SCM	scm-ha	org.apache.hadoop.hdds.scm.ha.SCMHAManagerImpl	hadoop-hdds/server-scm/src/main/java/org/apache/hadoop/hdds/scm/ha/SCMHAManagerImpl.java	300~
SCM	scm-ha	org.apache.hadoop.hdds.scm.ha.SCMRatisServerImpl	hadoop-hdds/server-scm/src/main/java/org/apache/hadoop/hdds/scm/ha/SCMRatisServerImpl.java	300~
SCM	scm-ha	org.apache.hadoop.hdds.scm.ha.SequenceIdGenerator	hadoop-hdds/server-scm/src/main/java/org/apache/hadoop/hdds/scm/ha/SequenceIdGenerator.java	250~
SCM	scm-ha	org.apache.hadoop.hdds.scm.ha.invoker.ContainerStateManagerInvoker	hadoop-hdds/server-scm/src/main/java/org/apache/hadoop/hdds/scm/ha/invoker/ContainerStateManagerInvoker.java	250~
SCM	scm-ha	org.apache.hadoop.hdds.scm.ha.SCMHANodeDetails	hadoop-hdds/server-scm/src/main/java/org/apache/hadoop/hdds/scm/ha/SCMHANodeDetails.java	225~
SCM	scm-ha	org.apache.hadoop.hdds.scm.ha.invoker.PipelineStateManagerInvoker	hadoop-hdds/server-scm/src/main/java/org/apache/hadoop/hdds/scm/ha/invoker/PipelineStateManagerInvoker.java	200~
SCM	node-manager	org.apache.hadoop.hdds.scm.node.SCMNodeManager	hadoop-hdds/server-scm/src/main/java/org/apache/hadoop/hdds/scm/node/SCMNodeManager.java	1400~
SCM	node-manager	org.apache.hadoop.hdds.scm.node.NodeDecommissionManager	hadoop-hdds/server-scm/src/main/java/org/apache/hadoop/hdds/scm/node/NodeDecommissionManager.java	475~
SCM	node-manager	org.apache.hadoop.hdds.scm.node.NodeStateManager	hadoop-hdds/server-scm/src/main/java/org/apache/hadoop/hdds/scm/node/NodeStateManager.java	450~
SCM	node-manager	org.apache.hadoop.hdds.scm.node.DatanodeAdminMonitorImpl	hadoop-hdds/server-scm/src/main/java/org/apache/hadoop/hdds/scm/node/DatanodeAdminMonitorImpl.java	375~
SCM	node-manager	org.apache.hadoop.hdds.scm.node.SCMNodeStorageStatMap	hadoop-hdds/server-scm/src/main/java/org/apache/hadoop/hdds/scm/node/SCMNodeStorageStatMap.java	225~
SCM	node-manager	org.apache.hadoop.hdds.scm.node.states.NodeStateMap	hadoop-hdds/server-scm/src/main/java/org/apache/hadoop/hdds/scm/node/states/NodeStateMap.java	225~
SCM	block-manager	org.apache.hadoop.hdds.scm.block.SCMDeletedBlockTransactionStatusManager	hadoop-hdds/server-scm/src/main/java/org/apache/hadoop/hdds/scm/block/SCMDeletedBlockTransactionStatusManager.java	600~
SCM	block-manager	org.apache.hadoop.hdds.scm.block.DeletedBlockLogImpl	hadoop-hdds/server-scm/src/main/java/org/apache/hadoop/hdds/scm/block/DeletedBlockLogImpl.java	350~
HddsCommon	hdds-utils	org.apache.hadoop.hdds.utils.db.CodecBuffer	hadoop-hdds/common/src/main/java/org/apache/hadoop/hdds/utils/db/CodecBuffer.java	300~
HddsCommon	config-common	org.apache.hadoop.hdds.conf.OzoneConfiguration	hadoop-hdds/common/src/main/java/org/apache/hadoop/hdds/conf/OzoneConfiguration.java	350~
HddsCommon	tracing-common	org.apache.hadoop.hdds.tracing.TracingUtil	hadoop-hdds/common/src/main/java/org/apache/hadoop/hdds/tracing/TracingUtil.java	375~
HddsCommon	security-common	org.apache.hadoop.hdds.security.SecurityConfig	hadoop-hdds/common/src/main/java/org/apache/hadoop/hdds/security/SecurityConfig.java	350~
HddsCommon	protocol-common	org.apache.hadoop.hdds.protocol.DatanodeDetails	hadoop-hdds/common/src/main/java/org/apache/hadoop/hdds/protocol/DatanodeDetails.java	650~
HddsCommon	ratis-integration	org.apache.hadoop.hdds.ratis.RatisHelper	hadoop-hdds/common/src/main/java/org/apache/hadoop/hdds/ratis/RatisHelper.java	450~
HddsCommon	scm-common	org.apache.hadoop.hdds.scm.ScmConfigKeys	hadoop-hdds/common/src/main/java/org/apache/hadoop/hdds/scm/ScmConfigKeys.java	450~
HddsCommon	pipeline-common	org.apache.hadoop.hdds.scm.pipeline.Pipeline	hadoop-hdds/common/src/main/java/org/apache/hadoop/hdds/scm/pipeline/Pipeline.java	475~
HddsCommon	storage-common	org.apache.hadoop.hdds.scm.storage.ContainerProtocolCalls	hadoop-hdds/common/src/main/java/org/apache/hadoop/hdds/scm/storage/ContainerProtocolCalls.java	700~
HddsCommon	hadoop-shaded	org.apache.hadoop.ipc_.Server	hadoop-hdds/common/src/main/java/org/apache/hadoop/ipc_/Server.java	2425~
HddsCommon	hadoop-shaded	org.apache.hadoop.ipc_.Client	hadoop-hdds/common/src/main/java/org/apache/hadoop/ipc_/Client.java	1150~
HddsCommon	hadoop-shaded	org.apache.hadoop.ipc_.DecayRpcScheduler	hadoop-hdds/common/src/main/java/org/apache/hadoop/ipc_/DecayRpcScheduler.java	700~
HddsCommon	hadoop-shaded	org.apache.hadoop.security_.SaslRpcClient	hadoop-hdds/common/src/main/java/org/apache/hadoop/security_/SaslRpcClient.java	475~
HddsCommon	hadoop-shaded	org.apache.hadoop.ipc_.RPC	hadoop-hdds/common/src/main/java/org/apache/hadoop/ipc_/RPC.java	425~
HddsCommon	hadoop-shaded	org.apache.hadoop.io_.retry.RetryInvocationHandler	hadoop-hdds/common/src/main/java/org/apache/hadoop/io_/retry/RetryInvocationHandler.java	325~
HddsCommon	hadoop-shaded	org.apache.hadoop.ipc_.ProtobufRpcEngine	hadoop-hdds/common/src/main/java/org/apache/hadoop/ipc_/ProtobufRpcEngine.java	300~
HddsCommon	hadoop-shaded	org.apache.hadoop.security_.SaslRpcServer	hadoop-hdds/common/src/main/java/org/apache/hadoop/security_/SaslRpcServer.java	275~
HddsCommon	hadoop-shaded	org.apache.hadoop.io_.retry.RetryPolicies	hadoop-hdds/common/src/main/java/org/apache/hadoop/io_/retry/RetryPolicies.java	250~
HddsCommon	hadoop-shaded	org.apache.hadoop.ipc_.FairCallQueue	hadoop-hdds/common/src/main/java/org/apache/hadoop/ipc_/FairCallQueue.java	250~
DN	erasure-coding	org.apache.hadoop.ozone.container.ec.reconstruction.ECReconstructionCoordinator	hadoop-hdds/container-service/src/main/java/org/apache/hadoop/ozone/container/ec/reconstruction/ECReconstructionCoordinator.java	400~
DN	erasure-coding	org.apache.ozone.erasurecode.rawcoder.util.GaloisField	hadoop-hdds/erasurecode/src/main/java/org/apache/ozone/erasurecode/rawcoder/util/GaloisField.java	350~
DN	erasure-coding	org.apache.ozone.erasurecode.rawcoder.util.GF256	hadoop-hdds/erasurecode/src/main/java/org/apache/ozone/erasurecode/rawcoder/util/GF256.java	250~
RocksDB	checkpoint-differ	org.apache.ozone.rocksdiff.RocksDBCheckpointDiffer	hadoop-hdds/rocksdb-checkpoint-differ/src/main/java/org/apache/ozone/rocksdiff/RocksDBCheckpointDiffer.java	950~
DN	dn-service	org.apache.hadoop.ozone.container.common.impl.HddsDispatcher	hadoop-hdds/container-service/src/main/java/org/apache/hadoop/ozone/container/common/impl/HddsDispatcher.java	800~
DN	dn-service	org.apache.hadoop.ozone.HddsDatanodeService	hadoop-hdds/container-service/src/main/java/org/apache/hadoop/ozone/HddsDatanodeService.java	575~
DN	dn-service	org.apache.hadoop.ozone.container.ozoneimpl.OzoneContainer	hadoop-hdds/container-service/src/main/java/org/apache/hadoop/ozone/container/ozoneimpl/OzoneContainer.java	525~
DN	dn-service	org.apache.hadoop.ozone.container.common.impl.ContainerData	hadoop-hdds/container-service/src/main/java/org/apache/hadoop/ozone/container/common/impl/ContainerData.java	400~
DN	dn-service	org.apache.hadoop.ozone.container.common.impl.ContainerSet	hadoop-hdds/container-service/src/main/java/org/apache/hadoop/ozone/container/common/impl/ContainerSet.java	375~
DN	dn-service	org.apache.hadoop.ozone.container.common.states.endpoint.HeartbeatEndpointTask	hadoop-hdds/container-service/src/main/java/org/apache/hadoop/ozone/container/common/states/endpoint/HeartbeatEndpointTask.java	350~
DN	dn-service	org.apache.hadoop.ozone.container.common.impl.StorageLocationReport	hadoop-hdds/container-service/src/main/java/org/apache/hadoop/ozone/container/common/impl/StorageLocationReport.java	300~
DN	dn-service	org.apache.hadoop.ozone.container.common.impl.BlockDeletingService	hadoop-hdds/container-service/src/main/java/org/apache/hadoop/ozone/container/common/impl/BlockDeletingService.java	250~
DN	grpc-server-dn	org.apache.hadoop.ozone.container.common.transport.server.Receiver	hadoop-hdds/container-service/src/main/java/org/apache/hadoop/ozone/container/common/transport/server/Receiver.java	250~
DN	ratis-statemachine-dn	org.apache.hadoop.ozone.container.common.transport.server.ratis.ContainerStateMachine	hadoop-hdds/container-service/src/main/java/org/apache/hadoop/ozone/container/common/transport/server/ratis/ContainerStateMachine.java	1000~
DN	ratis-statemachine-dn	org.apache.hadoop.ozone.container.common.transport.server.ratis.LocalStream	hadoop-hdds/container-service/src/main/java/org/apache/hadoop/ozone/container/common/transport/server/ratis/LocalStream.java	25~
DN	dn-statemachine	org.apache.hadoop.ozone.container.common.statemachine.DatanodeConfiguration	hadoop-hdds/container-service/src/main/java/org/apache/hadoop/ozone/container/common/statemachine/DatanodeConfiguration.java	1000~
DN	dn-statemachine	org.apache.hadoop.ozone.container.common.statemachine.StateContext	hadoop-hdds/container-service/src/main/java/org/apache/hadoop/ozone/container/common/statemachine/StateContext.java	650~
DN	dn-statemachine	org.apache.hadoop.ozone.container.common.statemachine.commandhandler.DeleteBlocksCommandHandler	hadoop-hdds/container-service/src/main/java/org/apache/hadoop/ozone/container/common/statemachine/commandhandler/DeleteBlocksCommandHandler.java	575~
DN	dn-statemachine	org.apache.hadoop.ozone.container.common.statemachine.DatanodeStateMachine	hadoop-hdds/container-service/src/main/java/org/apache/hadoop/ozone/container/common/statemachine/DatanodeStateMachine.java	475~
DN	hdds-volume	org.apache.hadoop.ozone.container.common.volume.StorageVolume	hadoop-hdds/container-service/src/main/java/org/apache/hadoop/ozone/container/common/volume/StorageVolume.java	550~
DN	hdds-volume	org.apache.hadoop.ozone.container.common.volume.HddsVolume	hadoop-hdds/container-service/src/main/java/org/apache/hadoop/ozone/container/common/volume/HddsVolume.java	450~
DN	hdds-volume	org.apache.hadoop.ozone.container.common.volume.StorageVolumeChecker	hadoop-hdds/container-service/src/main/java/org/apache/hadoop/ozone/container/common/volume/StorageVolumeChecker.java	300~
DN	hdds-volume	org.apache.hadoop.ozone.container.common.volume.MutableVolumeSet	hadoop-hdds/container-service/src/main/java/org/apache/hadoop/ozone/container/common/volume/MutableVolumeSet.java	275~
DN	dn-helpers	org.apache.hadoop.ozone.container.common.helpers.ContainerUtils	hadoop-hdds/container-service/src/main/java/org/apache/hadoop/ozone/container/common/helpers/ContainerUtils.java	275~
DN	disk-balancer	org.apache.hadoop.ozone.container.diskbalancer.DiskBalancerService	hadoop-hdds/container-service/src/main/java/org/apache/hadoop/ozone/container/diskbalancer/DiskBalancerService.java	600~
DN	disk-balancer	org.apache.hadoop.ozone.container.diskbalancer.DiskBalancerConfiguration	hadoop-hdds/container-service/src/main/java/org/apache/hadoop/ozone/container/diskbalancer/DiskBalancerConfiguration.java	275~
DN	kv-container-impl	org.apache.hadoop.ozone.container.keyvalue.impl.FilePerBlockStrategy	hadoop-hdds/container-service/src/main/java/org/apache/hadoop/ozone/container/keyvalue/impl/FilePerBlockStrategy.java	275~
DN	kv-container-impl	org.apache.hadoop.ozone.container.keyvalue.impl.BlockManagerImpl	hadoop-hdds/container-service/src/main/java/org/apache/hadoop/ozone/container/keyvalue/impl/BlockManagerImpl.java	275~
DN	kv-container	org.apache.hadoop.ozone.container.keyvalue.KeyValueHandler	hadoop-hdds/container-service/src/main/java/org/apache/hadoop/ozone/container/keyvalue/KeyValueHandler.java	1825~
DN	kv-container	org.apache.hadoop.ozone.container.keyvalue.KeyValueContainer	hadoop-hdds/container-service/src/main/java/org/apache/hadoop/ozone/container/keyvalue/KeyValueContainer.java	650~
DN	container-replication-dn	org.apache.hadoop.ozone.container.replication.ReplicationSupervisor	hadoop-hdds/container-service/src/main/java/org/apache/hadoop/ozone/container/replication/ReplicationSupervisor.java	525~
DN	container-replication-dn	org.apache.hadoop.ozone.container.replication.ReplicationServer	hadoop-hdds/container-service/src/main/java/org/apache/hadoop/ozone/container/replication/ReplicationServer.java	250~
DN	container-checksum	org.apache.hadoop.ozone.container.checksum.ContainerChecksumTreeManager	hadoop-hdds/container-service/src/main/java/org/apache/hadoop/ozone/container/checksum/ContainerChecksumTreeManager.java	250~
DN	dn-rocksdb	org.apache.hadoop.ozone.container.metadata.AbstractDatanodeStore	hadoop-hdds/container-service/src/main/java/org/apache/hadoop/ozone/container/metadata/AbstractDatanodeStore.java	225~
DN	dn-rocksdb	org.apache.hadoop.ozone.container.metadata.DatanodeStoreSchemaThreeImpl	hadoop-hdds/container-service/src/main/java/org/apache/hadoop/ozone/container/metadata/DatanodeStoreSchemaThreeImpl.java	200~
Client	hdds-client	org.apache.hadoop.hdds.scm.storage.BlockOutputStream	hadoop-hdds/client/src/main/java/org/apache/hadoop/hdds/scm/storage/BlockOutputStream.java	875~
Client	hdds-client	org.apache.hadoop.hdds.scm.XceiverClientGrpc	hadoop-hdds/client/src/main/java/org/apache/hadoop/hdds/scm/XceiverClientGrpc.java	575~
Client	hdds-client	org.apache.hadoop.hdds.scm.OzoneClientConfig	hadoop-hdds/client/src/main/java/org/apache/hadoop/hdds/scm/OzoneClientConfig.java	575~
Client	hdds-client	org.apache.hadoop.hdds.scm.storage.BlockDataStreamOutput	hadoop-hdds/client/src/main/java/org/apache/hadoop/hdds/scm/storage/BlockDataStreamOutput.java	525~
Client	hdds-client	org.apache.hadoop.ozone.client.io.ECBlockReconstructedStripeInputStream	hadoop-hdds/client/src/main/java/org/apache/hadoop/ozone/client/io/ECBlockReconstructedStripeInputStream.java	500~
Client	hdds-client	org.apache.hadoop.hdds.scm.XceiverClientShortCircuit	hadoop-hdds/client/src/main/java/org/apache/hadoop/hdds/scm/XceiverClientShortCircuit.java	475~
Client	hdds-client	org.apache.hadoop.hdds.scm.storage.StreamBlockInputStream	hadoop-hdds/client/src/main/java/org/apache/hadoop/hdds/scm/storage/StreamBlockInputStream.java	475~
Client	hdds-client	org.apache.hadoop.hdds.scm.storage.ChunkInputStream	hadoop-hdds/client/src/main/java/org/apache/hadoop/hdds/scm/storage/ChunkInputStream.java	425~
Client	hdds-client	org.apache.hadoop.hdds.scm.storage.BlockInputStream	hadoop-hdds/client/src/main/java/org/apache/hadoop/hdds/scm/storage/BlockInputStream.java	425~
Client	hdds-client	org.apache.hadoop.ozone.client.io.ECBlockInputStream	hadoop-hdds/client/src/main/java/org/apache/hadoop/ozone/client/io/ECBlockInputStream.java	350~
Bench & Insight	freon	org.apache.hadoop.ozone.freon.RandomKeyGenerator	hadoop-ozone/freon/src/main/java/org/apache/hadoop/ozone/freon/RandomKeyGenerator.java	975~
Bench & Insight	freon	org.apache.hadoop.ozone.freon.OmMetadataGenerator	hadoop-ozone/freon/src/main/java/org/apache/hadoop/ozone/freon/OmMetadataGenerator.java	425~
Bench & Insight	freon	org.apache.hadoop.ozone.freon.BaseFreonGenerator	hadoop-ozone/freon/src/main/java/org/apache/hadoop/ozone/freon/BaseFreonGenerator.java	400~
Bench & Insight	freon	org.apache.hadoop.ozone.freon.OzoneClientKeyReadWriteListOps	hadoop-ozone/freon/src/main/java/org/apache/hadoop/ozone/freon/OzoneClientKeyReadWriteListOps.java	200~
Bench & Insight	ozone-tools	org.apache.hadoop.ozone.local.LocalOzoneCluster	hadoop-ozone/tools/src/main/java/org/apache/hadoop/ozone/local/LocalOzoneCluster.java	700~
Bench & Insight	ozone-tools	org.apache.hadoop.ozone.local.OzoneLocal	hadoop-ozone/tools/src/main/java/org/apache/hadoop/ozone/local/OzoneLocal.java	250~
Bench & Insight	vapor	org.apache.hadoop.ozone.freon.SCMThroughputBenchmark	hadoop-ozone/vapor/src/main/java/org/apache/hadoop/ozone/freon/SCMThroughputBenchmark.java	650~
Bench & Insight	vapor	org.apache.hadoop.ozone.freon.DatanodeSimulator	hadoop-ozone/vapor/src/main/java/org/apache/hadoop/ozone/freon/DatanodeSimulator.java	375~
Debug & Repair	repair	org.apache.hadoop.ozone.repair.om.FSORepairTool	hadoop-ozone/cli-repair/src/main/java/org/apache/hadoop/ozone/repair/om/FSORepairTool.java	600~
Debug & Repair	repair	org.apache.hadoop.ozone.repair.datanode.schemaupgrade.UpgradeContainerSchema	hadoop-ozone/cli-repair/src/main/java/org/apache/hadoop/ozone/repair/datanode/schemaupgrade/UpgradeContainerSchema.java	375~
Interfaces	ozonefs-common	org.apache.hadoop.fs.ozone.BasicRootedOzoneFileSystem	hadoop-ozone/ozonefs-common/src/main/java/org/apache/hadoop/fs/ozone/BasicRootedOzoneFileSystem.java	1200~
Interfaces	ozonefs-common	org.apache.hadoop.fs.ozone.BasicRootedOzoneClientAdapterImpl	hadoop-ozone/ozonefs-common/src/main/java/org/apache/hadoop/fs/ozone/BasicRootedOzoneClientAdapterImpl.java	1075~
Interfaces	ozonefs-common	org.apache.hadoop.fs.ozone.BasicOzoneFileSystem	hadoop-ozone/ozonefs-common/src/main/java/org/apache/hadoop/fs/ozone/BasicOzoneFileSystem.java	1000~
Interfaces	ozonefs-common	org.apache.hadoop.fs.ozone.BasicOzoneClientAdapterImpl	hadoop-ozone/ozonefs-common/src/main/java/org/apache/hadoop/fs/ozone/BasicOzoneClientAdapterImpl.java	625~
Interfaces	s3gateway	org.apache.hadoop.ozone.s3.endpoint.ObjectEndpoint	hadoop-ozone/s3gateway/src/main/java/org/apache/hadoop/ozone/s3/endpoint/ObjectEndpoint.java	950~
Interfaces	s3gateway	org.apache.hadoop.ozone.s3.metrics.S3GatewayMetrics	hadoop-ozone/s3gateway/src/main/java/org/apache/hadoop/ozone/s3/metrics/S3GatewayMetrics.java	725~
Interfaces	s3gateway	org.apache.hadoop.ozone.s3.endpoint.EndpointBase	hadoop-ozone/s3gateway/src/main/java/org/apache/hadoop/ozone/s3/endpoint/EndpointBase.java	550~
Interfaces	s3gateway	org.apache.hadoop.ozone.s3.endpoint.S3LifecycleConfiguration	hadoop-ozone/s3gateway/src/main/java/org/apache/hadoop/ozone/s3/endpoint/S3LifecycleConfiguration.java	325~
Interfaces	s3gateway	org.apache.hadoop.ozone.s3.endpoint.BucketEndpoint	hadoop-ozone/s3gateway/src/main/java/org/apache/hadoop/ozone/s3/endpoint/BucketEndpoint.java	275~
Interfaces	s3gateway	org.apache.hadoop.ozone.s3.signature.StringToSignProducer	hadoop-ozone/s3gateway/src/main/java/org/apache/hadoop/ozone/s3/signature/StringToSignProducer.java	225~
Interfaces	s3gateway	org.apache.hadoop.ozone.s3.endpoint.S3ConditionalRequest	hadoop-ozone/s3gateway/src/main/java/org/apache/hadoop/ozone/s3/endpoint/S3ConditionalRequest.java	225~
Interfaces	s3gateway	org.apache.hadoop.ozone.s3.endpoint.S3Acl	hadoop-ozone/s3gateway/src/main/java/org/apache/hadoop/ozone/s3/endpoint/S3Acl.java	200~
Interfaces	s3gateway	org.apache.hadoop.ozone.s3.exception.S3ErrorTable	hadoop-ozone/s3gateway/src/main/java/org/apache/hadoop/ozone/s3/exception/S3ErrorTable.java	200~
Interfaces	httpfs	org.apache.ozone.fs.http.server.FSOperations	hadoop-ozone/httpfsgateway/src/main/java/org/apache/ozone/fs/http/server/FSOperations.java	1075~
Interfaces	httpfs	org.apache.ozone.fs.http.server.HttpFSServer	hadoop-ozone/httpfsgateway/src/main/java/org/apache/ozone/fs/http/server/HttpFSServer.java	925~
Interfaces	httpfs	org.apache.ozone.lib.server.Server	hadoop-ozone/httpfsgateway/src/main/java/org/apache/ozone/lib/server/Server.java	450~
Interfaces	httpfs	org.apache.ozone.lib.service.hadoop.FileSystemAccessService	hadoop-ozone/httpfsgateway/src/main/java/org/apache/ozone/lib/service/hadoop/FileSystemAccessService.java	350~
Interfaces	httpfs	org.apache.ozone.lib.service.instrumentation.InstrumentationService	hadoop-ozone/httpfsgateway/src/main/java/org/apache/ozone/lib/service/instrumentation/InstrumentationService.java	300~
Interfaces	httpfs	org.apache.ozone.fs.http.server.HttpFSParametersProvider	hadoop-ozone/httpfsgateway/src/main/java/org/apache/ozone/fs/http/server/HttpFSParametersProvider.java	300~
Debug & Repair	debug	org.apache.hadoop.ozone.debug.ldb.DBScanner	hadoop-ozone/cli-debug/src/main/java/org/apache/hadoop/ozone/debug/ldb/DBScanner.java	800~
Debug & Repair	debug	org.apache.hadoop.ozone.debug.logs.container.utils.ContainerDatanodeDatabase	hadoop-ozone/cli-debug/src/main/java/org/apache/hadoop/ozone/debug/logs/container/utils/ContainerDatanodeDatabase.java	550~
Debug & Repair	debug	org.apache.hadoop.ozone.debug.om.ContainerToKeyMapping	hadoop-ozone/cli-debug/src/main/java/org/apache/hadoop/ozone/debug/om/ContainerToKeyMapping.java	400~
Debug & Repair	debug	org.apache.hadoop.ozone.debug.replicas.ReplicasVerify	hadoop-ozone/cli-debug/src/main/java/org/apache/hadoop/ozone/debug/replicas/ReplicasVerify.java	375~
Debug & Repair	debug	org.apache.hadoop.ozone.debug.datanode.container.analyze.AnalyzeSubcommand	hadoop-ozone/cli-debug/src/main/java/org/apache/hadoop/ozone/debug/datanode/container/analyze/AnalyzeSubcommand.java	200~
Interfaces	iceberg	org.apache.hadoop.ozone.iceberg.RewriteTablePathOzoneAction	hadoop-ozone/iceberg/src/main/java/org/apache/hadoop/ozone/iceberg/RewriteTablePathOzoneAction.java	675~
OzoneCommon	ozone-common-primitives	org.apache.hadoop.ozone.OmUtils	hadoop-ozone/common/src/main/java/org/apache/hadoop/ozone/OmUtils.java	750~
OzoneCommon	protocol-common	org.apache.hadoop.ozone.om.protocolPB.OzoneManagerProtocolClientSideTranslatorPB	hadoop-ozone/common/src/main/java/org/apache/hadoop/ozone/om/protocolPB/OzoneManagerProtocolClientSideTranslatorPB.java	2025~
OzoneCommon	protocol-common	org.apache.hadoop.ozone.om.protocolPB.GrpcOmTransport	hadoop-ozone/common/src/main/java/org/apache/hadoop/ozone/om/protocolPB/GrpcOmTransport.java	400~
OzoneCommon	protocol-common	org.apache.hadoop.ozone.om.protocol.OzoneManagerProtocol	hadoop-ozone/common/src/main/java/org/apache/hadoop/ozone/om/protocol/OzoneManagerProtocol.java	400~
OzoneCommon	protocol-common	org.apache.hadoop.ozone.protocolPB.OMPBHelper	hadoop-ozone/common/src/main/java/org/apache/hadoop/ozone/protocolPB/OMPBHelper.java	275~
OzoneCommon	security-common	org.apache.hadoop.ozone.security.OzoneTokenIdentifier	hadoop-ozone/common/src/main/java/org/apache/hadoop/ozone/security/OzoneTokenIdentifier.java	275~
OzoneCommon	om-common	org.apache.hadoop.ozone.om.OMConfigKeys	hadoop-ozone/common/src/main/java/org/apache/hadoop/ozone/om/OMConfigKeys.java	550~
OzoneCommon	om-common	org.apache.hadoop.ozone.om.ha.OMFailoverProxyProviderBase	hadoop-ozone/common/src/main/java/org/apache/hadoop/ozone/om/ha/OMFailoverProxyProviderBase.java	300~
OzoneCommon	om-common	org.apache.hadoop.ozone.om.OmConfig	hadoop-ozone/common/src/main/java/org/apache/hadoop/ozone/om/OmConfig.java	275~
OzoneCommon	om-helpers-common	org.apache.hadoop.ozone.om.helpers.OmKeyInfo	hadoop-ozone/common/src/main/java/org/apache/hadoop/ozone/om/helpers/OmKeyInfo.java	700~
OzoneCommon	om-helpers-common	org.apache.hadoop.ozone.om.helpers.SnapshotInfo	hadoop-ozone/common/src/main/java/org/apache/hadoop/ozone/om/helpers/SnapshotInfo.java	575~
OzoneCommon	om-helpers-common	org.apache.hadoop.ozone.om.helpers.OmBucketInfo	hadoop-ozone/common/src/main/java/org/apache/hadoop/ozone/om/helpers/OmBucketInfo.java	575~
OzoneCommon	om-helpers-common	org.apache.hadoop.ozone.om.helpers.OmMultipartKeyInfo	hadoop-ozone/common/src/main/java/org/apache/hadoop/ozone/om/helpers/OmMultipartKeyInfo.java	350~
OzoneCommon	om-helpers-common	org.apache.hadoop.ozone.om.helpers.OmKeyArgs	hadoop-ozone/common/src/main/java/org/apache/hadoop/ozone/om/helpers/OmKeyArgs.java	325~
OzoneCommon	om-helpers-common	org.apache.hadoop.ozone.om.helpers.OmVolumeArgs	hadoop-ozone/common/src/main/java/org/apache/hadoop/ozone/om/helpers/OmVolumeArgs.java	300~
OzoneCommon	om-helpers-common	org.apache.hadoop.ozone.om.helpers.SnapshotDiffJob	hadoop-ozone/common/src/main/java/org/apache/hadoop/ozone/om/helpers/SnapshotDiffJob.java	275~
OzoneCommon	om-helpers-common	org.apache.hadoop.ozone.om.helpers.OmMultipartPartInfo	hadoop-ozone/common/src/main/java/org/apache/hadoop/ozone/om/helpers/OmMultipartPartInfo.java	275~
OzoneCommon	om-helpers-common	org.apache.hadoop.ozone.om.helpers.OmLCRule	hadoop-ozone/common/src/main/java/org/apache/hadoop/ozone/om/helpers/OmLCRule.java	275~
OzoneCommon	om-helpers-common	org.apache.hadoop.ozone.om.helpers.BasicOmKeyInfo	hadoop-ozone/common/src/main/java/org/apache/hadoop/ozone/om/helpers/BasicOmKeyInfo.java	250~
OzoneCommon	om-helpers-common	org.apache.hadoop.ozone.om.helpers.OmBucketArgs	hadoop-ozone/common/src/main/java/org/apache/hadoop/ozone/om/helpers/OmBucketArgs.java	250~
OzoneCommon	om-helpers-common	org.apache.hadoop.ozone.om.helpers.OzoneFSUtils	hadoop-ozone/common/src/main/java/org/apache/hadoop/ozone/om/helpers/OzoneFSUtils.java	250~
OzoneCommon	om-helpers-common	org.apache.hadoop.ozone.om.helpers.OmLifecycleConfiguration	hadoop-ozone/common/src/main/java/org/apache/hadoop/ozone/om/helpers/OmLifecycleConfiguration.java	225~
OzoneCommon	om-helpers-common	org.apache.hadoop.ozone.om.helpers.OmLifecycleScanState	hadoop-ozone/common/src/main/java/org/apache/hadoop/ozone/om/helpers/OmLifecycleScanState.java	200~
OzoneCommon	om-helpers-common	org.apache.hadoop.ozone.om.helpers.OMNodeDetails	hadoop-ozone/common/src/main/java/org/apache/hadoop/ozone/om/helpers/OMNodeDetails.java	200~
OM	om-protocol	org.apache.hadoop.ozone.protocolPB.OzoneManagerRequestHandler	hadoop-ozone/ozone-manager/src/main/java/org/apache/hadoop/ozone/protocolPB/OzoneManagerRequestHandler.java	1300~
OM	om-security	org.apache.hadoop.ozone.security.OzoneDelegationTokenSecretManager	hadoop-ozone/ozone-manager/src/main/java/org/apache/hadoop/ozone/security/OzoneDelegationTokenSecretManager.java	450~
OM	om-server	org.apache.hadoop.ozone.om.OzoneManager	hadoop-ozone/ozone-manager/src/main/java/org/apache/hadoop/ozone/om/OzoneManager.java	4050~
OM	om-server	org.apache.hadoop.ozone.om.OmMetadataManagerImpl	hadoop-ozone/ozone-manager/src/main/java/org/apache/hadoop/ozone/om/OmMetadataManagerImpl.java	1375~
OM	om-server	org.apache.hadoop.ozone.om.OMMetrics	hadoop-ozone/ozone-manager/src/main/java/org/apache/hadoop/ozone/om/OMMetrics.java	1300~
OM	om-server	org.apache.hadoop.ozone.om.OmSnapshotManager	hadoop-ozone/ozone-manager/src/main/java/org/apache/hadoop/ozone/om/OmSnapshotManager.java	775~
OM	om-server	org.apache.hadoop.ozone.om.OMMultiTenantManagerImpl	hadoop-ozone/ozone-manager/src/main/java/org/apache/hadoop/ozone/om/OMMultiTenantManagerImpl.java	725~
OM	om-server	org.apache.hadoop.ozone.om.OmMetadataReader	hadoop-ozone/ozone-manager/src/main/java/org/apache/hadoop/ozone/om/OmMetadataReader.java	525~
OM	om-server	org.apache.hadoop.ozone.om.OMDBCheckpointServlet	hadoop-ozone/ozone-manager/src/main/java/org/apache/hadoop/ozone/om/OMDBCheckpointServlet.java	475~
OM	om-server	org.apache.hadoop.ozone.om.TrashOzoneFileSystem	hadoop-ozone/ozone-manager/src/main/java/org/apache/hadoop/ozone/om/TrashOzoneFileSystem.java	475~
OM	om-server	org.apache.hadoop.ozone.om.SnapshotChainManager	hadoop-ozone/ozone-manager/src/main/java/org/apache/hadoop/ozone/om/SnapshotChainManager.java	450~
OM	om-server	org.apache.hadoop.ozone.om.OMDBCheckpointServletInodeBasedXfer	hadoop-ozone/ozone-manager/src/main/java/org/apache/hadoop/ozone/om/OMDBCheckpointServletInodeBasedXfer.java	375~
OM	om-server	org.apache.hadoop.ozone.om.OMPerformanceMetrics	hadoop-ozone/ozone-manager/src/main/java/org/apache/hadoop/ozone/om/OMPerformanceMetrics.java	275~
OM	om-server	org.apache.hadoop.ozone.om.PrefixManagerImpl	hadoop-ozone/ozone-manager/src/main/java/org/apache/hadoop/ozone/om/PrefixManagerImpl.java	250~
OM	om-server	org.apache.hadoop.ozone.om.DeletingServiceMetrics	hadoop-ozone/ozone-manager/src/main/java/org/apache/hadoop/ozone/om/DeletingServiceMetrics.java	250~
OM	om-server	org.apache.hadoop.ozone.om.OmSnapshot	hadoop-ozone/ozone-manager/src/main/java/org/apache/hadoop/ozone/om/OmSnapshot.java	225~
OM	om-snapshot	org.apache.hadoop.ozone.om.snapshot.SnapshotDiffManager	hadoop-ozone/ozone-manager/src/main/java/org/apache/hadoop/ozone/om/snapshot/SnapshotDiffManager.java	1250~
OM	om-snapshot	org.apache.hadoop.ozone.om.snapshot.OmSnapshotLocalDataManager	hadoop-ozone/ozone-manager/src/main/java/org/apache/hadoop/ozone/om/snapshot/OmSnapshotLocalDataManager.java	825~
OM	om-snapshot	org.apache.hadoop.ozone.om.snapshot.defrag.SnapshotDefragService	hadoop-ozone/ozone-manager/src/main/java/org/apache/hadoop/ozone/om/snapshot/defrag/SnapshotDefragService.java	525~
OM	om-snapshot	org.apache.hadoop.ozone.om.snapshot.SnapshotDiffValueParser	hadoop-ozone/ozone-manager/src/main/java/org/apache/hadoop/ozone/om/snapshot/SnapshotDiffValueParser.java	275~
OM	om-snapshot	org.apache.hadoop.ozone.om.snapshot.SnapshotCache	hadoop-ozone/ozone-manager/src/main/java/org/apache/hadoop/ozone/om/snapshot/SnapshotCache.java	275~
OM	om-snapshot	org.apache.hadoop.ozone.om.snapshot.SnapshotUtils	hadoop-ozone/ozone-manager/src/main/java/org/apache/hadoop/ozone/om/snapshot/SnapshotUtils.java	225~
OM	om-snapshot	org.apache.hadoop.ozone.om.snapshot.OMSnapshotDirectoryMetrics	hadoop-ozone/ozone-manager/src/main/java/org/apache/hadoop/ozone/om/snapshot/OMSnapshotDirectoryMetrics.java	200~
OM	om-multitenant	org.apache.hadoop.ozone.om.multitenant.MultiTenantAccessController	hadoop-ozone/ozone-manager/src/main/java/org/apache/hadoop/ozone/om/multitenant/MultiTenantAccessController.java	375~
OM	om-locking	org.apache.hadoop.ozone.om.lock.OzoneManagerLock	hadoop-ozone/ozone-manager/src/main/java/org/apache/hadoop/ozone/om/lock/OzoneManagerLock.java	375~
OM	om-ratis	org.apache.hadoop.ozone.om.ratis.OzoneManagerRatisServer	hadoop-ozone/ozone-manager/src/main/java/org/apache/hadoop/ozone/om/ratis/OzoneManagerRatisServer.java	600~
OM	om-key-manager	org.apache.hadoop.ozone.om.KeyManagerImpl	hadoop-ozone/ozone-manager/src/main/java/org/apache/hadoop/ozone/om/KeyManagerImpl.java	1850~
OM	om-request	org.apache.hadoop.ozone.om.request.OMClientRequest	hadoop-ozone/ozone-manager/src/main/java/org/apache/hadoop/ozone/om/request/OMClientRequest.java	325~
OM	om-request-s3	org.apache.hadoop.ozone.om.request.s3.multipart.S3MultipartUploadCompleteRequest	hadoop-ozone/ozone-manager/src/main/java/org/apache/hadoop/ozone/om/request/s3/multipart/S3MultipartUploadCompleteRequest.java	600~
OM	om-request-s3	org.apache.hadoop.ozone.om.request.s3.multipart.S3MultipartUploadCommitPartRequest	hadoop-ozone/ozone-manager/src/main/java/org/apache/hadoop/ozone/om/request/s3/multipart/S3MultipartUploadCommitPartRequest.java	300~
OM	om-request-s3	org.apache.hadoop.ozone.om.request.s3.tenant.OMTenantCreateRequest	hadoop-ozone/ozone-manager/src/main/java/org/apache/hadoop/ozone/om/request/s3/tenant/OMTenantCreateRequest.java	225~
OM	om-request-s3	org.apache.hadoop.ozone.om.request.s3.multipart.S3InitiateMultipartUploadRequest	hadoop-ozone/ozone-manager/src/main/java/org/apache/hadoop/ozone/om/request/s3/multipart/S3InitiateMultipartUploadRequest.java	225~
OM	om-request-s3	org.apache.hadoop.ozone.om.request.s3.multipart.S3ExpiredMultipartUploadsAbortRequest	hadoop-ozone/ozone-manager/src/main/java/org/apache/hadoop/ozone/om/request/s3/multipart/S3ExpiredMultipartUploadsAbortRequest.java	225~
OM	om-request-file	org.apache.hadoop.ozone.om.request.file.OMFileRequest	hadoop-ozone/ozone-manager/src/main/java/org/apache/hadoop/ozone/om/request/file/OMFileRequest.java	600~
OM	om-request-key	org.apache.hadoop.ozone.om.request.key.OMKeyRequest	hadoop-ozone/ozone-manager/src/main/java/org/apache/hadoop/ozone/om/request/key/OMKeyRequest.java	850~
OM	om-request-key	org.apache.hadoop.ozone.om.request.key.OMKeyCommitRequest	hadoop-ozone/ozone-manager/src/main/java/org/apache/hadoop/ozone/om/request/key/OMKeyCommitRequest.java	425~
OM	om-request-key	org.apache.hadoop.ozone.om.request.key.OMKeysDeleteRequest	hadoop-ozone/ozone-manager/src/main/java/org/apache/hadoop/ozone/om/request/key/OMKeysDeleteRequest.java	325~
OM	om-request-key	org.apache.hadoop.ozone.om.request.key.OMKeyCreateRequest	hadoop-ozone/ozone-manager/src/main/java/org/apache/hadoop/ozone/om/request/key/OMKeyCreateRequest.java	275~
OM	om-request-key	org.apache.hadoop.ozone.om.request.key.OMKeyRenameRequestWithFSO	hadoop-ozone/ozone-manager/src/main/java/org/apache/hadoop/ozone/om/request/key/OMKeyRenameRequestWithFSO.java	275~
OM	om-request-key	org.apache.hadoop.ozone.om.request.key.OMKeyCommitRequestWithFSO	hadoop-ozone/ozone-manager/src/main/java/org/apache/hadoop/ozone/om/request/key/OMKeyCommitRequestWithFSO.java	250~
OM	om-request-bucket	org.apache.hadoop.ozone.om.request.bucket.OMBucketCreateRequest	hadoop-ozone/ozone-manager/src/main/java/org/apache/hadoop/ozone/om/request/bucket/OMBucketCreateRequest.java	325~
OM	om-background-services	org.apache.hadoop.ozone.om.service.KeyLifecycleService	hadoop-ozone/ozone-manager/src/main/java/org/apache/hadoop/ozone/om/service/KeyLifecycleService.java	1625~
OM	om-background-services	org.apache.hadoop.ozone.om.service.QuotaRepairTask	hadoop-ozone/ozone-manager/src/main/java/org/apache/hadoop/ozone/om/service/QuotaRepairTask.java	625~
Admin CLIs	shell	org.apache.hadoop.ozone.shell.OzoneAddress	hadoop-ozone/cli-shell/src/main/java/org/apache/hadoop/ozone/shell/OzoneAddress.java	325~
Interfaces	multitenancy-ranger	org.apache.hadoop.ozone.om.multitenant.RangerClientMultiTenantAccessController	hadoop-ozone/multitenancy-ranger/src/main/java/org/apache/hadoop/ozone/om/multitenant/RangerClientMultiTenantAccessController.java	350~
Recon	recon-fsck	org.apache.hadoop.ozone.recon.fsck.ReconReplicationManager	hadoop-ozone/recon/src/main/java/org/apache/hadoop/ozone/recon/fsck/ReconReplicationManager.java	425~
Recon	recon-server	org.apache.hadoop.ozone.recon.ReconUtils	hadoop-ozone/recon/src/main/java/org/apache/hadoop/ozone/recon/ReconUtils.java	475~
Recon	recon-server	org.apache.hadoop.ozone.recon.chatbot.agent.ChatbotAgent	hadoop-ozone/recon/src/main/java/org/apache/hadoop/ozone/recon/chatbot/agent/ChatbotAgent.java	375~
Recon	recon-server	org.apache.hadoop.ozone.recon.chatbot.llm.LangChain4jDispatcher	hadoop-ozone/recon/src/main/java/org/apache/hadoop/ozone/recon/chatbot/llm/LangChain4jDispatcher.java	325~
Recon	recon-server	org.apache.hadoop.ozone.recon.ReconServer	hadoop-ozone/recon/src/main/java/org/apache/hadoop/ozone/recon/ReconServer.java	300~
Recon	recon-server	org.apache.hadoop.ozone.recon.chatbot.agent.LlmToolSpecFactory	hadoop-ozone/recon/src/main/java/org/apache/hadoop/ozone/recon/chatbot/agent/LlmToolSpecFactory.java	200~
Recon	recon-server	org.apache.hadoop.ozone.recon.chatbot.recon.ReconEndpointRouter	hadoop-ozone/recon/src/main/java/org/apache/hadoop/ozone/recon/chatbot/recon/ReconEndpointRouter.java	200~
Recon	recon-tasks	org.apache.hadoop.ozone.recon.tasks.ReconTaskControllerImpl	hadoop-ozone/recon/src/main/java/org/apache/hadoop/ozone/recon/tasks/ReconTaskControllerImpl.java	650~
Recon	recon-tasks	org.apache.hadoop.ozone.recon.tasks.ContainerKeyMapperHelper	hadoop-ozone/recon/src/main/java/org/apache/hadoop/ozone/recon/tasks/ContainerKeyMapperHelper.java	325~
Recon	recon-tasks	org.apache.hadoop.ozone.recon.tasks.NSSummaryTaskWithFSO	hadoop-ozone/recon/src/main/java/org/apache/hadoop/ozone/recon/tasks/NSSummaryTaskWithFSO.java	275~
Recon	recon-tasks	org.apache.hadoop.ozone.recon.tasks.NSSummaryTaskWithLegacy	hadoop-ozone/recon/src/main/java/org/apache/hadoop/ozone/recon/tasks/NSSummaryTaskWithLegacy.java	275~
Recon	recon-tasks	org.apache.hadoop.ozone.recon.tasks.OmTableInsightTask	hadoop-ozone/recon/src/main/java/org/apache/hadoop/ozone/recon/tasks/OmTableInsightTask.java	275~
Recon	recon-tasks	org.apache.hadoop.ozone.recon.tasks.NSSummaryTaskDbEventHandler	hadoop-ozone/recon/src/main/java/org/apache/hadoop/ozone/recon/tasks/NSSummaryTaskDbEventHandler.java	275~
Recon	recon-tasks	org.apache.hadoop.ozone.recon.tasks.NSSummaryTask	hadoop-ozone/recon/src/main/java/org/apache/hadoop/ozone/recon/tasks/NSSummaryTask.java	225~
Recon	recon-api	org.apache.hadoop.ozone.recon.api.ContainerEndpoint	hadoop-ozone/recon/src/main/java/org/apache/hadoop/ozone/recon/api/ContainerEndpoint.java	650~
Recon	recon-api	org.apache.hadoop.ozone.recon.api.OMDBInsightEndpoint	hadoop-ozone/recon/src/main/java/org/apache/hadoop/ozone/recon/api/OMDBInsightEndpoint.java	475~
Recon	recon-api	org.apache.hadoop.ozone.recon.api.NodeEndpoint	hadoop-ozone/recon/src/main/java/org/apache/hadoop/ozone/recon/api/NodeEndpoint.java	300~
Recon	recon-api	org.apache.hadoop.ozone.recon.api.StorageDistributionEndpoint	hadoop-ozone/recon/src/main/java/org/apache/hadoop/ozone/recon/api/StorageDistributionEndpoint.java	275~
Recon	recon-api	org.apache.hadoop.ozone.recon.api.ExportJobManager	hadoop-ozone/recon/src/main/java/org/apache/hadoop/ozone/recon/api/ExportJobManager.java	250~
Recon	recon-api	org.apache.hadoop.ozone.recon.api.DataNodeMetricsService	hadoop-ozone/recon/src/main/java/org/apache/hadoop/ozone/recon/api/DataNodeMetricsService.java	250~
Recon	recon-api	org.apache.hadoop.ozone.recon.api.types.ReconBasicOmKeyInfo	hadoop-ozone/recon/src/main/java/org/apache/hadoop/ozone/recon/api/types/ReconBasicOmKeyInfo.java	225~
Recon	recon-api	org.apache.hadoop.ozone.recon.chatbot.api.ChatbotEndpoint	hadoop-ozone/recon/src/main/java/org/apache/hadoop/ozone/recon/chatbot/api/ChatbotEndpoint.java	200~
Recon	recon-api	org.apache.hadoop.ozone.recon.api.types.ClusterStateResponse	hadoop-ozone/recon/src/main/java/org/apache/hadoop/ozone/recon/api/types/ClusterStateResponse.java	200~
Recon	recon-recovery	org.apache.hadoop.ozone.recon.recovery.ReconOmMetadataManagerImpl	hadoop-ozone/recon/src/main/java/org/apache/hadoop/ozone/recon/recovery/ReconOmMetadataManagerImpl.java	200~
Recon	recon-spi	org.apache.hadoop.ozone.recon.spi.impl.OzoneManagerServiceProviderImpl	hadoop-ozone/recon/src/main/java/org/apache/hadoop/ozone/recon/spi/impl/OzoneManagerServiceProviderImpl.java	675~
Recon	recon-spi	org.apache.hadoop.ozone.recon.spi.impl.ReconContainerMetadataManagerImpl	hadoop-ozone/recon/src/main/java/org/apache/hadoop/ozone/recon/spi/impl/ReconContainerMetadataManagerImpl.java	400~
Recon	recon-persistence	org.apache.hadoop.ozone.recon.persistence.ContainerHealthSchemaManager	hadoop-ozone/recon/src/main/java/org/apache/hadoop/ozone/recon/persistence/ContainerHealthSchemaManager.java	375~
Recon	recon-heatmap	org.apache.hadoop.ozone.recon.heatmap.HeatMapUtil	hadoop-ozone/recon/src/main/java/org/apache/hadoop/ozone/recon/heatmap/HeatMapUtil.java	300~
Recon	recon-scm	org.apache.hadoop.ozone.recon.scm.ReconStorageContainerManagerFacade	hadoop-ozone/recon/src/main/java/org/apache/hadoop/ozone/recon/scm/ReconStorageContainerManagerFacade.java	825~
Recon	recon-scm	org.apache.hadoop.ozone.recon.scm.ReconStorageContainerSyncHelper	hadoop-ozone/recon/src/main/java/org/apache/hadoop/ozone/recon/scm/ReconStorageContainerSyncHelper.java	375~
Recon	recon-scm	org.apache.hadoop.ozone.recon.scm.ReconContainerManager	hadoop-ozone/recon/src/main/java/org/apache/hadoop/ozone/recon/scm/ReconContainerManager.java	325~
Recon	recon-scm	org.apache.hadoop.ozone.recon.scm.ReconNodeManager	hadoop-ozone/recon/src/main/java/org/apache/hadoop/ozone/recon/scm/ReconNodeManager.java	200~
Client	ozone-client	org.apache.hadoop.ozone.client.rpc.RpcClient	hadoop-ozone/client/src/main/java/org/apache/hadoop/ozone/client/rpc/RpcClient.java	2325~
Client	ozone-client	org.apache.hadoop.ozone.client.OzoneBucket	hadoop-ozone/client/src/main/java/org/apache/hadoop/ozone/client/OzoneBucket.java	950~
Client	ozone-client	org.apache.hadoop.ozone.client.io.KeyOutputStream	hadoop-ozone/client/src/main/java/org/apache/hadoop/ozone/client/io/KeyOutputStream.java	575~
Client	ozone-client	org.apache.hadoop.ozone.client.io.ECKeyOutputStream	hadoop-ozone/client/src/main/java/org/apache/hadoop/ozone/client/io/ECKeyOutputStream.java	525~
Client	ozone-client	org.apache.hadoop.ozone.client.io.KeyDataStreamOutput	hadoop-ozone/client/src/main/java/org/apache/hadoop/ozone/client/io/KeyDataStreamOutput.java	375~
Client	ozone-client	org.apache.hadoop.ozone.client.ObjectStore	hadoop-ozone/client/src/main/java/org/apache/hadoop/ozone/client/ObjectStore.java	375~
Client	ozone-client	org.apache.hadoop.ozone.client.protocol.ClientProtocol	hadoop-ozone/client/src/main/java/org/apache/hadoop/ozone/client/protocol/ClientProtocol.java	325~
Client	ozone-client	org.apache.hadoop.ozone.client.io.ECBlockOutputStreamEntry	hadoop-ozone/client/src/main/java/org/apache/hadoop/ozone/client/io/ECBlockOutputStreamEntry.java	275~
Client	ozone-client	org.apache.hadoop.ozone.client.io.BlockOutputStreamEntry	hadoop-ozone/client/src/main/java/org/apache/hadoop/ozone/client/io/BlockOutputStreamEntry.java	275~
Admin CLIs	admin	org.apache.hadoop.hdds.scm.cli.ContainerOperationClient	hadoop-ozone/cli-admin/src/main/java/org/apache/hadoop/hdds/scm/cli/ContainerOperationClient.java	475~
Admin CLIs	admin	org.apache.hadoop.hdds.scm.cli.datanode.UsageInfoSubcommand	hadoop-ozone/cli-admin/src/main/java/org/apache/hadoop/hdds/scm/cli/datanode/UsageInfoSubcommand.java	250~
Admin CLIs	admin	org.apache.hadoop.hdds.scm.cli.datanode.AbstractDiskBalancerSubCommand	hadoop-ozone/cli-admin/src/main/java/org/apache/hadoop/hdds/scm/cli/datanode/AbstractDiskBalancerSubCommand.java	225~
Admin CLIs	admin	org.apache.hadoop.hdds.scm.cli.container.InfoSubcommand	hadoop-ozone/cli-admin/src/main/java/org/apache/hadoop/hdds/scm/cli/container/InfoSubcommand.java	225~
Admin CLIs	admin	org.apache.hadoop.hdds.scm.cli.TopologySubcommand	hadoop-ozone/cli-admin/src/main/java/org/apache/hadoop/hdds/scm/cli/TopologySubcommand.java	225~
Admin CLIs	admin	org.apache.hadoop.hdds.scm.cli.ContainerBalancerStatusSubcommand	hadoop-ozone/cli-admin/src/main/java/org/apache/hadoop/hdds/scm/cli/ContainerBalancerStatusSubcommand.java	200~
